james,smith
john,johnson
robert,williams
michael,jones
william,brown
david,davis
richard,miller
joseph,wilson
thomas,moore
charles,taylor
christopher,anderson
daniel,thomas
matthew,jackson
anthony,white
donald,harris
mark,martin
paul,thompson
steven,garcia
andrew,martinez
kenneth,robinson
joshua,clark
george,rodriguez
kevin,lewis
brian,lee
edward,walker
ronald,hall
timothy,allen
jason,young
jeffrey,hernandez
ryan,king
jacob,wright
gary,lopez
nicholas,hill
eric,scott
stephen,green
jonathan,adams
larry,baker
justin,gonzalez
scott,nelson
brandon,carter
frank,mitchell
benjamin,perez
gregory,roberts
samuel,turner
raymond,phillips
patrick,campbell
alexander,parker
jack,evans
dennis,edwards
jerry,collins
tyler,stewart
aaron,sanchez
jose,morris
henry,rogers
douglas,reed
adam,cook
peter,morgan
nathan,bell
zachary,murphy
walter,bailey
kyle,rivera
harold,cooper
carl,richardson
jeremy,cox
keith,howard
roger,ward
gerald,torres
ethan,peterson
arthur,gray
terry,ramirez
christian,james
sean,watson
lawrence,brooks
austin,kelly
joe,sanders
noah,price
jesse,bennett
albert,wood
bryan,barnes
billy,ross
bruce,henderson
willie,coleman
jordan,jenkins
dylan,perry
alan,powell
ralph,long
gabriel,patterson
roy,hughes
juan,flores
wayne,washington
eugene,butler
logan,simmons
randy,foster
louis,gonzales
russell,bryant
vincent,alexander
philip,russell
bobby,griffin
johnny,diaz
bradley,hayes
mary,myers
patricia,ford
jennifer,hamilton
linda,graham
elizabeth,sullivan
barbara,wallace
susan,woods
jessica,cole
sarah,west
karen,jordan
nancy,owens
margaret,reynolds
lisa,fisher
betty,ellis
dorothy,harrison
sandra,gibson
ashley,mcdonald
kimberly,cruz
donna,marshall
emily,ortiz
michelle,gomez
carol,murray
amanda,freeman
melissa,wells
deborah,webb
stephanie,simpson
rebecca,stevens
laura,tucker
sharon,porter
cynthia,hunter
kathleen,hicks
helen,crawford
amy,henry
shirley,boyd
angela,mason
anna,morales
brenda,kennedy
pamela,warren
nicole,dixon
ruth,ramos
katherine,reyes
samantha,burns
christine,gordon
emma,shaw
catherine,holmes
debra,rice
virginia,robertson
rachel,hunt
carolyn,black
janet,daniels
maria,palmer
heather,mills
diane,nichols
julie,grant
joyce,knight
victoria,ferguson
kelly,rose
christina,stone
joan,hawkins
evelyn,dunn
lauren,perkins
judith,hudson
olivia,spencer
frances,gardner
martha,stephens
cheryl,payne
megan,pierce
andrea,berry
hannah,matthews
jacqueline,arnold
ann,wagner
jean,willis
alice,ray
kathryn,watkins
gloria,olson
teresa,carroll
doris,duncan
sara,snyder
janice,hart
julia,cunningham
marie,bradley
madison,lane
grace,andrews
judy,ruiz
theresa,harper
beverly,fox
denise,riley
marilyn,armstrong
amber,carpenter
danielle,weaver
abigail,greene
brittany,lawrence
rose,elliott
diana,chavez
natalie,sims
sophia,austin
alexis,peters
lori,kelley
kayla,franklin
jane,lawson
